id,title,price,availability,rating,disponibility,category,image
1,A Light in the Attic,Â£51.77,In stock,Three,In stock (22 available),Poetry,https://books.toscrape.com/media/cache/2c/da/2cdad67c44b002e7ead0cc35693c0e8b.jpg
2,Tipping the Velvet,Â£53.74,In stock,One,In stock (20 available),Historical Fiction,https://books.toscrape.com/media/cache/26/0c/260c6ae16bce31c8f8c95daddd9f4a1c.jpg
3,Soumission,Â£50.10,In stock,One,In stock (20 available),Fiction,https://books.toscrape.com/media/cache/3e/ef/3eef99c9d9adef34639f510662022830.jpg
4,Sharp Objects,Â£47.82,In stock,Four,In stock (20 available),Mystery,https://books.toscrape.com/media/cache/32/51/3251cf3a3412f53f339e42cac2134093.jpg
5,Sapiens: A Brief History of Humankind,Â£54.23,In stock,Five,In stock (20 available),History,https://books.toscrape.com/media/cache/be/a5/bea5697f2534a2f86a3ef27b5a8c12a6.jpg
6,The Requiem Red,Â£22.65,In stock,One,In stock (19 available),Young Adult,https://books.toscrape.com/media/cache/68/33/68339b4c9bc034267e1da611ab3b34f8.jpg
7,The Dirty Little Secrets of Getting Your Dream Job,Â£33.34,In stock,Four,In stock (19 available),Business,https://books.toscrape.com/media/cache/92/27/92274a95b7c251fea59a2b8a78275ab4.jpg
8,"The Coming Woman: A Novel Based on the Life of the Infamous Feminist, Victoria Woodhull",Â£17.93,In stock,Three,In stock (19 available),Default,https://books.toscrape.com/media/cache/3d/54/3d54940e57e662c4dd1f3ff00c78cc64.jpg
9,The Boys in the Boat: Nine Americans and Their Epic Quest for Gold at the 1936 Berlin Olympics,Â£22.60,In stock,Four,In stock (19 available),Default,https://books.toscrape.com/media/cache/66/88/66883b91f6804b2323c8369331cb7dd1.jpg
10,The Black Maria,Â£52.15,In stock,One,In stock (19 available),Poetry,https://books.toscrape.com/media/cache/58/46/5846057e28022268153beff6d352b06c.jpg
11,"Starving Hearts (Triangular Trade Trilogy, #1)",Â£13.99,In stock,Two,In stock (19 available),Default,https://books.toscrape.com/media/cache/be/f4/bef44da28c98f905a3ebec0b87be8530.jpg
12,Shakespeare's Sonnets,Â£20.66,In stock,Four,In stock (19 available),Poetry,https://books.toscrape.com/media/cache/10/48/1048f63d3b5061cd2f424d20b3f9b666.jpg
13,Set Me Free,Â£17.46,In stock,Five,In stock (19 available),Young Adult,https://books.toscrape.com/media/cache/5b/88/5b88c52633f53cacf162c15f4f823153.jpg
14,Scott Pilgrim's Precious Little Life (Scott Pilgrim #1),Â£52.29,In stock,Five,In stock (19 available),Sequential Art,https://books.toscrape.com/media/cache/94/b1/94b1b8b244bce9677c2f29ccc890d4d2.jpg
15,Rip it Up and Start Again,Â£35.02,In stock,Five,In stock (19 available),Music,https://books.toscrape.com/media/cache/81/c4/81c4a973364e17d01f217e1188253d5e.jpg
16,"Our Band Could Be Your Life: Scenes from the American Indie Underground, 1981-1991",Â£57.25,In stock,Three,In stock (19 available),Music,https://books.toscrape.com/media/cache/54/60/54607fe8945897cdcced0044103b10b6.jpg
17,Olio,Â£23.88,In stock,One,In stock (19 available),Poetry,https://books.toscrape.com/media/cache/55/33/553310a7162dfbc2c6d19a84da0df9e1.jpg
18,Mesaerion: The Best Science Fiction Stories 1800-1849,Â£37.59,In stock,One,In stock (19 available),Science Fiction,https://books.toscrape.com/media/cache/09/a3/09a3aef48557576e1a85ba7efea8ecb7.jpg
19,Libertarianism for Beginners,Â£51.33,In stock,Two,In stock (19 available),Politics,https://books.toscrape.com/media/cache/0b/bc/0bbcd0a6f4bcd81ccb1049a52736406e.jpg
20,It's Only the Himalayas,Â£45.17,In stock,Two,In stock (19 available),Travel,https://books.toscrape.com/media/cache/27/a5/27a53d0bb95bdd88288eaf66c9230d7e.jpg
21,In Her Wake,Â£12.84,In stock,One,In stock (19 available),Thriller,https://books.toscrape.com/media/cache/5d/72/5d72709c6a7a9584a4d1cf07648bfce1.jpg
22,How Music Works,Â£37.32,In stock,Two,In stock (19 available),Music,https://books.toscrape.com/media/cache/5c/c8/5cc8e107246cb478960d4f0aba1e1c8e.jpg
23,"Foolproof Preserving: A Guide to Small Batch Jams, Jellies, Pickles, Condiments, and More: A Foolproof Guide to Making Small Batch Jams, Jellies, Pickles, Condiments, and More",Â£30.52,In stock,Three,In stock (19 available),Food and Drink,https://books.toscrape.com/media/cache/9f/59/9f59f01fa916a7bb8f0b28a4012179a4.jpg
24,Chase Me (Paris Nights #2),Â£25.27,In stock,Five,In stock (19 available),Romance,https://books.toscrape.com/media/cache/9c/2e/9c2e0eb8866b8e3f3b768994fd3d1c1a.jpg
25,Black Dust,Â£34.53,In stock,Five,In stock (19 available),Romance,https://books.toscrape.com/media/cache/44/cc/44ccc99c8f82c33d4f9d2afa4ef25787.jpg
26,Birdsong: A Story in Pictures,Â£54.64,In stock,Three,In stock (19 available),Childrens,https://books.toscrape.com/media/cache/af/6e/af6e796160fe63e0cf19d44395c7ddf2.jpg
27,America's Cradle of Quarterbacks: Western Pennsylvania's Football Factory from Johnny Unitas to Joe Montana,Â£22.50,In stock,Three,In stock (19 available),Default,https://books.toscrape.com/media/cache/ef/0b/ef0bed08de4e083dba5e20fdb98d9c36.jpg
28,Aladdin and His Wonderful Lamp,Â£53.13,In stock,Three,In stock (19 available),Default,https://books.toscrape.com/media/cache/d6/da/d6da0371958068bbaf39ea9c174275cd.jpg
29,Worlds Elsewhere: Journeys Around Shakespeareâs Globe,Â£40.30,In stock,Five,In stock (18 available),Nonfiction,https://books.toscrape.com/media/cache/2e/98/2e98c332bf8563b584784971541c4445.jpg
30,Wall and Piece,Â£44.18,In stock,Four,In stock (18 available),Art,https://books.toscrape.com/media/cache/a5/41/a5416b9646aaa7287baa287ec2590270.jpg
31,The Four Agreements: A Practical Guide to Personal Freedom,Â£17.66,In stock,Five,In stock (18 available),Spirituality,https://books.toscrape.com/media/cache/0f/7e/0f7ee69495c0df1d35723f012624a9f8.jpg
32,The Five Love Languages: How to Express Heartfelt Commitment to Your Mate,Â£31.05,In stock,Three,In stock (18 available),Nonfiction,https://books.toscrape.com/media/cache/38/c5/38c56fba316c07305643a8065269594e.jpg
33,The Elephant Tree,Â£23.82,In stock,Five,In stock (18 available),Thriller,https://books.toscrape.com/media/cache/5d/7e/5d7ecde8e81513eba8a64c9fe000744b.jpg
34,The Bear and the Piano,Â£36.89,In stock,One,In stock (18 available),Childrens,https://books.toscrape.com/media/cache/cf/bb/cfbb5e62715c6d888fd07794c9bab5d6.jpg
35,Sophie's World,Â£15.94,In stock,Five,In stock (18 available),Philosophy,https://books.toscrape.com/media/cache/65/71/6571919836ec51ed54f0050c31d8a0cd.jpg
36,Penny Maybe,Â£33.29,In stock,Three,In stock (18 available),Default,https://books.toscrape.com/media/cache/12/53/1253c21c5ef3c6d075c5fa3f5fecee6a.jpg
37,Maude (1883-1993):She Grew Up with the country,Â£18.02,In stock,Two,In stock (18 available),Default,https://books.toscrape.com/media/cache/f5/88/f5889d038f5d8e949b494d147c2dcf54.jpg
38,"In a Dark, Dark Wood",Â£19.63,In stock,One,In stock (18 available),Mystery,https://books.toscrape.com/media/cache/23/85/238570a1c284e730dbc737a7e631ae2b.jpg
39,Behind Closed Doors,Â£52.22,In stock,Four,In stock (18 available),Thriller,https://books.toscrape.com/media/cache/e1/5c/e15c289ba58cea38519e1281e859f0c1.jpg
40,You can't bury them all: Poems,Â£33.63,In stock,Two,In stock (17 available),Poetry,https://books.toscrape.com/media/cache/e9/20/e9203b733126c4a0832a1c7885dc27cf.jpg
41,Slow States of Collapse: Poems,Â£57.31,In stock,Three,In stock (17 available),Poetry,https://books.toscrape.com/media/cache/72/41/72417db983862010ef0c1a25de98c7d7.jpg
42,Reasons to Stay Alive,Â£26.41,In stock,Two,In stock (17 available),Nonfiction,https://books.toscrape.com/media/cache/cb/bd/cbbdb0222ee8a0f6ab61657412a15794.jpg
43,Private Paris (Private #10),Â£47.61,In stock,Five,In stock (17 available),Fiction,https://books.toscrape.com/media/cache/9d/05/9d0533bae1578846d728a82913b95c26.jpg
44,#HigherSelfie: Wake Up Your Life. Free Your Soul. Find Your Tribe.,Â£23.11,In stock,Five,In stock (17 available),Nonfiction,https://books.toscrape.com/media/cache/9c/46/9c463c7631c82401160fd3b554b8f0e1.jpg
45,Without Borders (Wanderlove #1),Â£45.07,In stock,Two,In stock (16 available),New Adult,https://books.toscrape.com/media/cache/24/e2/24e2f5c9d325c4004d8190c054da86dd.jpg
46,When We Collided,Â£31.77,In stock,One,In stock (16 available),Contemporary,https://books.toscrape.com/media/cache/08/04/08044269fc197645268a6197c57e6173.jpg
47,"We Love You, Charlie Freeman",Â£50.27,In stock,Five,In stock (16 available),Fiction,https://books.toscrape.com/media/cache/5f/15/5f152afdbc42356ecba02f61058a7e5b.jpg
48,Untitled Collection: Sabbath Poems 2014,Â£14.27,In stock,Four,In stock (16 available),Poetry,https://books.toscrape.com/media/cache/f9/3b/f93b4a650f03a5d21f2436d7813f42c2.jpg
49,"Unseen City: The Majesty of Pigeons, the Discreet Charm of Snails & Other Wonders of the Urban Wilderness",Â£44.18,In stock,Four,In stock (16 available),Nonfiction,https://books.toscrape.com/media/cache/41/a2/41a20f35adf0caea24f208dc01ad7681.jpg
50,Unicorn Tracks,Â£18.78,In stock,Three,In stock (16 available),Fantasy,https://books.toscrape.com/media/cache/76/8e/768ea5924ac1ef6297c2be9959c796c2.jpg
51,"Unbound: How Eight Technologies Made Us Human, Transformed Society, and Brought Our World to the Brink",Â£25.52,In stock,One,In stock (16 available),History,https://books.toscrape.com/media/cache/4a/3b/4a3b055f9e378a95fedbef55e7bab7ce.jpg
52,Tsubasa: WoRLD CHRoNiCLE 2 (Tsubasa WoRLD CHRoNiCLE #2),Â£16.28,In stock,One,In stock (16 available),Sequential Art,https://books.toscrape.com/media/cache/36/df/36df4caaf1420b1183a8235355d39e69.jpg
53,Throwing Rocks at the Google Bus: How Growth Became the Enemy of Prosperity,Â£31.12,In stock,Three,In stock (16 available),Nonfiction,https://books.toscrape.com/media/cache/03/86/038650c9e7517b4baf2a423cd8eed38f.jpg
54,This One Summer,Â£19.49,In stock,Four,In stock (16 available),Sequential Art,https://books.toscrape.com/media/cache/c4/dd/c4ddd9ced89966b0602ec85e00cd5b61.jpg
55,Thirst,Â£17.27,In stock,Five,In stock (16 available),Fiction,https://books.toscrape.com/media/cache/c4/0a/c40a64f59e7487b1a80a049f6ceb2ba5.jpg
56,The Torch Is Passed: A Harding Family Story,Â£19.09,In stock,One,In stock (16 available),Add a comment,https://books.toscrape.com/media/cache/33/e5/33e507172541628acfd421503196b578.jpg
57,The Secret of Dreadwillow Carse,Â£56.13,In stock,One,In stock (16 available),Childrens,https://books.toscrape.com/media/cache/c4/a2/c4a2a1a026c67bcceb5a411c724d7d0c.jpg
58,"The Pioneer Woman Cooks: Dinnertime: Comfort Classics, Freezer Food, 16-Minute Meals, and Other Delicious Ways to Solve Supper!",Â£56.41,In stock,One,In stock (16 available),Food and Drink,https://books.toscrape.com/media/cache/b7/f4/b7f4843dbe062d44be1ffcfa16b2faa4.jpg
59,The Past Never Ends,Â£56.50,In stock,Four,In stock (16 available),Mystery,https://books.toscrape.com/media/cache/89/b8/89b850edb01851a91f64ba114b96acb6.jpg
60,The Natural History of Us (The Fine Art of Pretending #2),Â£45.22,In stock,Three,In stock (16 available),Young Adult,https://books.toscrape.com/media/cache/5d/7f/5d7f496cdf5e5962a73ecdcc1505c1d5.jpg
61,The Nameless City (The Nameless City #1),Â£38.16,In stock,Four,In stock (16 available),Sequential Art,https://books.toscrape.com/media/cache/f4/79/f479de5f305c2ac0512702cf7155bb74.jpg
62,The Murder That Never Was (Forensic Instincts #5),Â£54.11,In stock,Three,In stock (16 available),Fiction,https://books.toscrape.com/media/cache/dc/44/dc44f8e2aebac48ca8553814d9b021a8.jpg
63,The Most Perfect Thing: Inside (and Outside) a Bird's Egg,Â£42.96,In stock,Four,In stock (16 available),Science,https://books.toscrape.com/media/cache/d4/8d/d48d5122a15347e9fe2b15ad354d69bf.jpg
64,"The Mindfulness and Acceptance Workbook for Anxiety: A Guide to Breaking Free from Anxiety, Phobias, and Worry Using Acceptance and Commitment Therapy",Â£23.89,In stock,Four,In stock (16 available),Add a comment,https://books.toscrape.com/media/cache/f8/6d/f86d08178e3788563ac17be5aefd29f0.jpg
65,The Life-Changing Magic of Tidying Up: The Japanese Art of Decluttering and Organizing,Â£16.77,In stock,Three,In stock (16 available),Nonfiction,https://books.toscrape.com/media/cache/95/64/95647d6a526bf54120b9445e124794e1.jpg
66,"The Inefficiency Assassin: Time Management Tactics for Working Smarter, Not Longer",Â£20.59,In stock,Five,In stock (16 available),Default,https://books.toscrape.com/media/cache/75/dc/75dce2f5949b407161f37f0af249b018.jpg
67,The Gutsy Girl: Escapades for Your Life of Epic Adventure,Â£37.13,In stock,One,In stock (16 available),Nonfiction,https://books.toscrape.com/media/cache/64/15/641570cd7e7aded53c7d33d78a9629f1.jpg
68,The Electric Pencil: Drawings from Inside State Hospital No. 3,Â£56.06,In stock,One,In stock (16 available),Nonfiction,https://books.toscrape.com/media/cache/2e/23/2e236e23ad52aa74505f224f6552eda8.jpg
69,The Death of Humanity: and the Case for Life,Â£58.11,In stock,Four,In stock (16 available),Philosophy,https://books.toscrape.com/media/cache/71/df/71df730cf38c232ee58a2e407135f055.jpg
70,"The Bulletproof Diet: Lose up to a Pound a Day, Reclaim Energy and Focus, Upgrade Your Life",Â£49.05,In stock,Three,In stock (16 available),Health,https://books.toscrape.com/media/cache/ee/3e/ee3e219d23e73ba71c79b700f183aaed.jpg
71,The Art Forger,Â£40.76,In stock,Three,In stock (16 available),Add a comment,https://books.toscrape.com/media/cache/70/fa/70fa6c0437d9c97dbeada6bd32bf9d2c.jpg
72,The Age of Genius: The Seventeenth Century and the Birth of the Modern Mind,Â£19.73,In stock,One,In stock (16 available),History,https://books.toscrape.com/media/cache/2d/4e/2d4e358712e6c9f1d3bdd78d1a16e5a8.jpg
73,The Activist's Tao Te Ching: Ancient Advice for a Modern Revolution,Â£32.24,In stock,Five,In stock (16 available),Spirituality,https://books.toscrape.com/media/cache/96/db/96db61bb53930c560fb4c1c62b583816.jpg
74,Spark Joy: An Illustrated Master Class on the Art of Organizing and Tidying Up,Â£41.83,In stock,Four,In stock (16 available),Nonfiction,https://books.toscrape.com/media/cache/f3/4f/f34ffb24cc21c9f9f52dad4fd8f3ac21.jpg
75,Soul Reader,Â£39.58,In stock,Two,In stock (16 available),Default,https://books.toscrape.com/media/cache/69/85/69852567cf97264a1442cbc882c84903.jpg
76,Security,Â£39.25,In stock,Two,In stock (16 available),Horror,https://books.toscrape.com/media/cache/da/df/dadfac66a89774b46b10225362724c83.jpg
77,"Saga, Volume 6 (Saga (Collected Editions) #6)",Â£25.02,In stock,Three,In stock (16 available),Fantasy,https://books.toscrape.com/media/cache/43/ae/43aee83ebb31e2122a7215e413770e5c.jpg
78,"Saga, Volume 5 (Saga (Collected Editions) #5)",Â£51.04,In stock,Two,In stock (16 available),Sequential Art,https://books.toscrape.com/media/cache/e1/ea/e1ea6cb36e62ae6dc7b805f68ab9a700.jpg
79,Reskilling America: Learning to Labor in the Twenty-First Century,Â£19.83,In stock,Two,In stock (16 available),Nonfiction,https://books.toscrape.com/media/cache/97/f8/97f8debeeaaece9603267653076e760f.jpg
80,"Rat Queens, Vol. 3: Demons (Rat Queens (Collected Editions) #11-15)",Â£50.40,In stock,Three,In stock (16 available),Sequential Art,https://books.toscrape.com/media/cache/f3/ef/f3efd43ae0fa85d9b325d5e8783e7af5.jpg
81,"Princess Jellyfish 2-in-1 Omnibus, Vol. 01 (Princess Jellyfish 2-in-1 Omnibus #1)",Â£13.61,In stock,Five,In stock (16 available),Sequential Art,https://books.toscrape.com/media/cache/78/0b/780b2c28122750c2c383846155815bf7.jpg
82,Princess Between Worlds (Wide-Awake Princess #5),Â£13.34,In stock,Five,In stock (16 available),Fantasy,https://books.toscrape.com/media/cache/b7/e8/b7e84b78be3d9bb79b71156a5e5d4e42.jpg
83,"Pop Gun War, Volume 1: Gift",Â£18.97,In stock,One,In stock (16 available),Sequential Art,https://books.toscrape.com/media/cache/c8/2f/c82f629a31b3f47bdb17ac14aa51076d.jpg
84,"Political Suicide: Missteps, Peccadilloes, Bad Calls, Backroom Hijinx, Sordid Pasts, Rotten Breaks, and Just Plain Dumb Mistakes in the Annals of American Politics",Â£36.28,In stock,Two,In stock (16 available),History,https://books.toscrape.com/media/cache/64/44/6444dacdcb9edaadbbd691524622aeb8.jpg
85,Patience,Â£10.16,In stock,Three,In stock (16 available),Sequential Art,https://books.toscrape.com/media/cache/01/72/01726c619a05114dca75bd840095016d.jpg
86,"Outcast, Vol. 1: A Darkness Surrounds Him (Outcast #1)",Â£15.44,In stock,Four,In stock (16 available),Sequential Art,https://books.toscrape.com/media/cache/cb/00/cb004189f548d75ad430d3ed19e6daa9.jpg
87,orange: The Complete Collection 1 (orange: The Complete Collection #1),Â£48.41,In stock,One,In stock (16 available),Sequential Art,https://books.toscrape.com/media/cache/03/88/03886a8502ca54dbce0d91c2568ab69d.jpg
88,Online Marketing for Busy Authors: A Step-By-Step Guide,Â£46.35,In stock,One,In stock (16 available),Self Help,https://books.toscrape.com/media/cache/ea/9b/ea9b2cb8abbb317402e618445bade1e1.jpg
89,On a Midnight Clear,Â£14.07,In stock,Three,In stock (16 available),Add a comment,https://books.toscrape.com/media/cache/a1/14/a114d70e7babf110ba42a389078e9a45.jpg
90,Obsidian (Lux #1),Â£14.86,In stock,Two,In stock (16 available),Young Adult,https://books.toscrape.com/media/cache/fc/72/fc72f158554b4b4164701e1dfa1153c7.jpg
91,My Paris Kitchen: Recipes and Stories,Â£33.37,In stock,Two,In stock (16 available),Food and Drink,https://books.toscrape.com/media/cache/f5/65/f565af3d9dd20a1ad72a1e7c4157387d.jpg
92,Masks and Shadows,Â£56.40,In stock,Two,In stock (16 available),Fantasy,https://books.toscrape.com/media/cache/ff/e8/ffe81bf98f8386ef29e193abfb6f9c1e.jpg
93,"Mama Tried: Traditional Italian Cooking for the Screwed, Crude, Vegan, and Tattooed",Â£14.02,In stock,Four,In stock (16 available),Food and Drink,https://books.toscrape.com/media/cache/10/c6/10c61093002db1fec4089d8076678624.jpg
94,"Lumberjanes, Vol. 2: Friendship to the Max (Lumberjanes #5-8)",Â£46.91,In stock,Two,In stock (16 available),Sequential Art,https://books.toscrape.com/media/cache/d3/15/d3158e8d3546fb90cced3c1d44a92a34.jpg
95,"Lumberjanes, Vol. 1: Beware the Kitten Holy (Lumberjanes #1-4)",Â£45.61,In stock,Three,In stock (16 available),Sequential Art,https://books.toscrape.com/media/cache/7e/a0/7ea062007ef00107e3c16d336b41fab2.jpg
96,Lumberjanes Vol. 3: A Terrible Plan (Lumberjanes #9-12),Â£19.92,In stock,Two,In stock (16 available),Sequential Art,https://books.toscrape.com/media/cache/5f/b1/5fb1bf88dcfda795606745ce35be5975.jpg
97,"Layered: Baking, Building, and Styling Spectacular Cakes",Â£40.11,In stock,One,In stock (16 available),Food and Drink,https://books.toscrape.com/media/cache/98/d1/98d1c979c4bac9e147a6718946578b0f.jpg
98,Judo: Seven Steps to Black Belt (an Introductory Guide for Beginners),Â£53.90,In stock,Two,In stock (16 available),Add a comment,https://books.toscrape.com/media/cache/5f/52/5f52b1bc6d45daab2e330c744feb0359.jpg
99,Join,Â£35.67,In stock,Five,In stock (16 available),Science Fiction,https://books.toscrape.com/media/cache/93/63/9363f0065fbad5689f44fcf6e203eef3.jpg
100,In the Country We Love: My Family Divided,Â£22.00,In stock,Four,In stock (16 available),Nonfiction,https://books.toscrape.com/media/cache/fe/ea/feeafd2ad7b3077f8e74cbb1da9e3c7d.jpg
101,Immunity: How Elie Metchnikoff Changed the Course of Modern Medicine,Â£57.36,In stock,Five,In stock (16 available),Science,https://books.toscrape.com/media/cache/26/1c/261c4eaf957ae4aacf2229b482e76dbe.jpg
102,"I Hate Fairyland, Vol. 1: Madly Ever After (I Hate Fairyland (Compilations) #1-5)",Â£29.17,In stock,Two,In stock (16 available),Sequential Art,https://books.toscrape.com/media/cache/aa/74/aa74004807e97a79aa084b5db329a99b.jpg
103,I am a Hero Omnibus Volume 1,Â£54.63,In stock,Three,In stock (16 available),Sequential Art,https://books.toscrape.com/media/cache/16/d4/16d443437126bf6d536a89312c1995a5.jpg
104,How to Be Miserable: 40 Strategies You Already Use,Â£46.03,In stock,One,In stock (16 available),Self Help,https://books.toscrape.com/media/cache/da/8b/da8bc9b824dd3f446ef63e438ddbfc85.jpg
105,Her Backup Boyfriend (The Sorensen Family #1),Â£33.97,In stock,One,In stock (16 available),Romance,https://books.toscrape.com/media/cache/1e/bb/1ebbbc3e2d3249b111033cfc40763b0b.jpg
106,"Giant Days, Vol. 2 (Giant Days #5-8)",Â£22.11,In stock,Two,In stock (16 available),Sequential Art,https://books.toscrape.com/media/cache/90/6f/906f0168b0e155a7077625499b1737b5.jpg
107,Forever and Forever: The Courtship of Henry Longfellow and Fanny Appleton,Â£29.69,In stock,Three,In stock (16 available),Historical Fiction,https://books.toscrape.com/media/cache/d6/58/d658a1485b130ff26ca5fb0d5975ed2e.jpg
108,First and First (Five Boroughs #3),Â£15.97,In stock,Four,In stock (16 available),Romance,https://books.toscrape.com/media/cache/c4/d1/c4d1517cc9370e292366b6132ca9ca36.jpg
109,Fifty Shades Darker (Fifty Shades #2),Â£21.96,In stock,One,In stock (16 available),Romance,https://books.toscrape.com/media/cache/cc/bd/ccbdae9e29b3594301528fa2c876ec29.jpg
110,Everydata: The Misinformation Hidden in the Little Data You Consume Every Day,Â£54.35,In stock,Two,In stock (16 available),Nonfiction,https://books.toscrape.com/media/cache/64/94/6494bf61176ca73b61255909230030be.jpg
111,"Don't Be a Jerk: And Other Practical Advice from Dogen, Japan's Greatest Zen Master",Â£37.97,In stock,Two,In stock (16 available),Religion,https://books.toscrape.com/media/cache/95/30/953013d044aa313cc162dec414f3969a.jpg
112,Danganronpa Volume 1,Â£51.99,In stock,Four,In stock (16 available),Sequential Art,https://books.toscrape.com/media/cache/78/97/7897eea91c4a85aca58d925861d4afec.jpg
113,Crown of Midnight (Throne of Glass #2),Â£43.29,In stock,Three,In stock (16 available),Fantasy,https://books.toscrape.com/media/cache/66/25/6625e3bbb050de3e42a0c302c0d69f1f.jpg
114,"Codename Baboushka, Volume 1: The Conclave of Death",Â£36.72,In stock,Four,In stock (16 available),Sequential Art,https://books.toscrape.com/media/cache/f6/88/f688a9d6a89fdf38e4e88439ee9eda69.jpg
115,Camp Midnight,Â£17.08,In stock,Four,In stock (16 available),Sequential Art,https://books.toscrape.com/media/cache/dd/c9/ddc95df6754df8e71bf969c088056188.jpg
116,Call the Nurse: True Stories of a Country Nurse on a Scottish Isle,Â£29.14,In stock,Five,In stock (16 available),Nonfiction,https://books.toscrape.com/media/cache/88/9e/889e0bac4c7c0e7178f0165b8d3b4617.jpg
117,Burning,Â£28.81,In stock,Three,In stock (16 available),Young Adult,https://books.toscrape.com/media/cache/26/95/269507c7bb35d2cec9b61a03d1c28e67.jpg
118,Bossypants,Â£49.46,In stock,Two,In stock (16 available),Default,https://books.toscrape.com/media/cache/27/d2/27d20361745ec2f7be668b18a4da29da.jpg
119,"Bitch Planet, Vol. 1: Extraordinary Machine (Bitch Planet (Collected Editions))",Â£37.92,In stock,Two,In stock (16 available),Sequential Art,https://books.toscrape.com/media/cache/e4/1d/e41d34204a1fffbf825d8beb3dbf4cbc.jpg
120,"Avatar: The Last Airbender: Smoke and Shadow, Part 3 (Smoke and Shadow #3)",Â£28.09,In stock,Two,In stock (16 available),Fantasy,https://books.toscrape.com/media/cache/06/18/061811c5845d0e13bc04b2a755f0830f.jpg
121,Algorithms to Live By: The Computer Science of Human Decisions,Â£30.81,In stock,One,In stock (16 available),Nonfiction,https://books.toscrape.com/media/cache/23/b4/23b42e094c02d52b14b11a960d49610e.jpg
122,A World of Flavor: Your Gluten Free Passport,Â£42.95,In stock,One,In stock (16 available),Default,https://books.toscrape.com/media/cache/78/2e/782e315667ec50759b8603527ee33dec.jpg
123,"A Piece of Sky, a Grain of Rice: A Memoir in Four Meditations",Â£56.76,In stock,Five,In stock (16 available),Default,https://books.toscrape.com/media/cache/08/89/088995e862aac86c88c608d763f6390e.jpg
124,A Murder in Time,Â£16.64,In stock,One,In stock (16 available),Mystery,https://books.toscrape.com/media/cache/11/aa/11aaad48b5f15e262456ca65294084da.jpg
125,A Flight of Arrows (The Pathfinders #2),Â£55.53,In stock,Five,In stock (16 available),Historical Fiction,https://books.toscrape.com/media/cache/82/96/8296f92b70fb1dafefecda92c1d51941.jpg
126,A Fierce and Subtle Poison,Â£28.13,In stock,Four,In stock (16 available),Young Adult,https://books.toscrape.com/media/cache/12/f1/12f1963957f27fa83d51f76b183ef490.jpg
127,A Court of Thorns and Roses (A Court of Thorns and Roses #1),Â£52.37,In stock,One,In stock (16 available),Fantasy,https://books.toscrape.com/media/cache/c0/88/c08816960890396213a423941af65b8f.jpg
128,(Un)Qualified: How God Uses Broken People to Do Big Things,Â£54.00,In stock,Five,In stock (16 available),Christian,https://books.toscrape.com/media/cache/cd/db/cddb3eb483ef11a088d519205b7098fb.jpg
129,You Are What You Love: The Spiritual Power of Habit,Â£21.87,In stock,Four,In stock (15 available),Religion,https://books.toscrape.com/media/cache/6b/70/6b70f2cdb17d9ab7551240a88b9211fe.jpg
130,"William Shakespeare's Star Wars: Verily, A New Hope (William Shakespeare's Star Wars #4)",Â£43.30,In stock,Four,In stock (15 available),Science Fiction,https://books.toscrape.com/media/cache/02/37/0237b445efc18c5562355a5a2c40889c.jpg
131,Tuesday Nights in 1980,Â£21.04,In stock,Two,In stock (15 available),Fiction,https://books.toscrape.com/media/cache/6b/da/6bdae061cb92c32b0b83cda8dd10275d.jpg
132,Tracing Numbers on a Train,Â£41.60,In stock,Three,In stock (15 available),Default,https://books.toscrape.com/media/cache/06/a6/06a6cfcf89afd1601cbba1a16cda57fb.jpg
133,Throne of Glass (Throne of Glass #1),Â£35.07,In stock,Three,In stock (15 available),Fantasy,https://books.toscrape.com/media/cache/32/d6/32d6aa560e8ddf2a4da1526b95d4c7ab.jpg
134,Thomas Jefferson and the Tripoli Pirates: The Forgotten War That Changed American History,Â£59.64,In stock,One,In stock (15 available),History,https://books.toscrape.com/media/cache/97/47/974709d437b08e74649b5744471bf472.jpg
135,Thirteen Reasons Why,Â£52.72,In stock,One,In stock (15 available),Default,https://books.toscrape.com/media/cache/8a/83/8a83b6ce350f01bab21f85e6ba539316.jpg
136,The White Cat and the Monk: A Retelling of the Poem âPangur BÃ¡nâ,Â£58.08,In stock,Four,In stock (15 available),Childrens,https://books.toscrape.com/media/cache/26/32/2632a1e12f2c085fabbe022ae4cd6933.jpg
137,The Wedding Dress,Â£24.12,In stock,One,In stock (15 available),Romance,https://books.toscrape.com/media/cache/28/99/28992d89f4abf54fba183fc8d074adf3.jpg
138,The Vacationers,Â£42.15,In stock,Four,In stock (15 available),Fiction,https://books.toscrape.com/media/cache/37/25/372578cc073efae80cf284b56040a488.jpg
139,The Third Wave: An Entrepreneurâs Vision of the Future,Â£12.61,In stock,Five,In stock (15 available),Business,https://books.toscrape.com/media/cache/d0/77/d077a30042df6b916bfc8d257345c69e.jpg
140,The Stranger,Â£17.44,In stock,Four,In stock (15 available),Philosophy,https://books.toscrape.com/media/cache/ea/04/ea0476a6f4c318ceccf5e2f2b39f2b15.jpg
141,The Shadow Hero (The Shadow Hero),Â£33.14,In stock,One,In stock (15 available),Sequential Art,https://books.toscrape.com/media/cache/1f/62/1f621dda1b302fc16d83d94b0b5ac31c.jpg
142,The Secret (The Secret #1),Â£27.37,In stock,Four,In stock (15 available),Default,https://books.toscrape.com/media/cache/4e/0f/4e0f05ae01d8fb6bd0d3901edd06de16.jpg
143,The Regional Office Is Under Attack!,Â£51.36,In stock,Five,In stock (15 available),Fiction,https://books.toscrape.com/media/cache/f8/31/f8314c7fdaa79fb7191a583e9a852db8.jpg
144,The Psychopath Test: A Journey Through the Madness Industry,Â£36.00,In stock,Two,In stock (15 available),Default,https://books.toscrape.com/media/cache/34/f5/34f5f8e513c5f048241f5695e61b2483.jpg
145,The Project,Â£10.65,In stock,One,In stock (15 available),Science Fiction,https://books.toscrape.com/media/cache/10/6e/106e2fc7160712edf8e2ff996dc8cd6c.jpg
146,The Power of Now: A Guide to Spiritual Enlightenment,Â£43.54,In stock,Two,In stock (15 available),Nonfiction,https://books.toscrape.com/media/cache/03/38/0338682e76bad3216cd4c6c28b2b625a.jpg
147,The Omnivore's Dilemma: A Natural History of Four Meals,Â£38.21,In stock,Two,In stock (15 available),Nonfiction,https://books.toscrape.com/media/cache/14/f3/14f3d525e2a114cd71e27201a16af188.jpg
148,The Nerdy Nummies Cookbook: Sweet Treats for the Geek in All of Us,Â£37.34,In stock,Five,In stock (15 available),Food and Drink,https://books.toscrape.com/media/cache/61/bd/61bdfe3950643c47d70c37c4123530f3.jpg
149,The Murder of Roger Ackroyd (Hercule Poirot #4),Â£44.10,In stock,Four,In stock (15 available),Mystery,https://books.toscrape.com/media/cache/29/fe/29fe70b1b2e5a9ba61d4bd331255e19e.jpg
150,The Mistake (Off-Campus #2),Â£43.29,In stock,Three,In stock (15 available),New Adult,https://books.toscrape.com/media/cache/a5/43/a543b100a8c1861c1bf5374ca6b576fe.jpg
151,The Matchmaker's Playbook (Wingmen Inc. #1),Â£55.85,In stock,One,In stock (15 available),New Adult,https://books.toscrape.com/media/cache/84/ac/84acb0606c96e55dc729a9d6572a08fb.jpg
152,The Love and Lemons Cookbook: An Apple-to-Zucchini Celebration of Impromptu Cooking,Â£37.60,In stock,Two,In stock (15 available),Food and Drink,https://books.toscrape.com/media/cache/0d/1f/0d1f3f934460f5a50aaa8c366641234c.jpg
153,The Long Shadow of Small Ghosts: Murder and Memory in an American City,Â£10.97,In stock,One,In stock (15 available),Crime,https://books.toscrape.com/media/cache/f2/e5/f2e51dd2b26600459f8eaeb6b9eecaa7.jpg
154,The Kite Runner,Â£41.82,In stock,Four,In stock (15 available),Default,https://books.toscrape.com/media/cache/58/9d/589d73503d9a23d224de836134fae553.jpg
155,The House by the Lake,Â£36.95,In stock,One,In stock (15 available),Historical Fiction,https://books.toscrape.com/media/cache/0d/cb/0dcb33d60b0e79adf8ab9842e697ea2e.jpg
156,The Glittering Court (The Glittering Court #1),Â£44.28,In stock,One,In stock (15 available),Fantasy,https://books.toscrape.com/media/cache/3e/0b/3e0b16851bec08b6cbf78d5f64af9114.jpg
157,The Girl on the Train,Â£55.02,In stock,Two,In stock (15 available),Default,https://books.toscrape.com/media/cache/25/6c/256c946dd0962095f66c6de3b15ab300.jpg
158,The Genius of Birds,Â£17.24,In stock,One,In stock (15 available),Nonfiction,https://books.toscrape.com/media/cache/13/57/1357c6aa40c9e63d2f931927fbf81f3f.jpg
159,The Emerald Mystery,Â£23.15,In stock,Two,In stock (15 available),Default,https://books.toscrape.com/media/cache/81/58/81586cd0bf8743e1f5ed80b6a0e1fabe.jpg
160,The Cookies & Cups Cookbook: 125+ sweet & savory recipes reminding you to Always Eat Dessert First,Â£41.25,In stock,One,In stock (15 available),Food and Drink,https://books.toscrape.com/media/cache/54/89/54899b4584e941ceced511d81092c88a.jpg
161,The Bridge to Consciousness: I'm Writing the Bridge Between Science and Our Old and New Beliefs.,Â£32.00,In stock,Three,In stock (15 available),Default,https://books.toscrape.com/media/cache/fe/b7/feb764b2afa54991cfdbbffdf501b333.jpg
162,The Artist's Way: A Spiritual Path to Higher Creativity,Â£38.49,In stock,Five,In stock (15 available),Nonfiction,https://books.toscrape.com/media/cache/0e/6d/0e6dc2484322c5b9e7854ced66fdf62d.jpg
163,The Art of War,Â£33.34,In stock,Five,In stock (15 available),Default,https://books.toscrape.com/media/cache/6d/71/6d71e36c8b1b9c885e1bb6c72cd8bcf8.jpg
164,The Argonauts,Â£10.93,In stock,Two,In stock (15 available),Autobiography,https://books.toscrape.com/media/cache/0a/15/0a1567cd04a6582d333db71337b4e2a6.jpg
165,The 10% Entrepreneur: Live Your Startup Dream Without Quitting Your Day Job,Â£27.55,In stock,Three,In stock (15 available),Business,https://books.toscrape.com/media/cache/82/93/82939ca78da0b724f16ec814849514fd.jpg
166,Suddenly in Love (Lake Haven #1),Â£55.99,In stock,Two,In stock (15 available),Romance,https://books.toscrape.com/media/cache/e9/f4/e9f4bc8cf5ffaea1504623c936e90a48.jpg
167,Something More Than This,Â£16.24,In stock,Four,In stock (15 available),Romance,https://books.toscrape.com/media/cache/59/10/5910fbd8a95e8e9de9c660b71e0694e2.jpg
168,Soft Apocalypse,Â£26.12,In stock,Two,In stock (15 available),Science Fiction,https://books.toscrape.com/media/cache/f0/06/f0060c756556b855184fa32f66280961.jpg
169,So You've Been Publicly Shamed,Â£12.23,In stock,Two,In stock (15 available),Nonfiction,https://books.toscrape.com/media/cache/6e/d4/6ed4991d97f60db29ec7b421e61a2cf3.jpg
170,Shoe Dog: A Memoir by the Creator of NIKE,Â£23.99,In stock,Two,In stock (15 available),Business,https://books.toscrape.com/media/cache/19/aa/19aa1184a3565b1dae6092146018e109.jpg
171,"Shobu Samurai, Project Aryoku (#3)",Â£29.06,In stock,Three,In stock (15 available),Add a comment,https://books.toscrape.com/media/cache/ae/0c/ae0ccc307568b6d7699786411f3cbcc4.jpg
172,Secrets and Lace (Fatal Hearts #1),Â£20.27,In stock,One,In stock (15 available),Default,https://books.toscrape.com/media/cache/84/7c/847c06b541e2a3b2228b96d97a5fe7a6.jpg
173,Scarlett Epstein Hates It Here,Â£43.55,In stock,Five,In stock (15 available),Young Adult,https://books.toscrape.com/media/cache/0f/d3/0fd306891f8fd3196653022fd67d6c87.jpg
174,Romero and Juliet: A Tragic Tale of Love and Zombies,Â£36.94,In stock,One,In stock (15 available),Default,https://books.toscrape.com/media/cache/12/f8/12f8002e5aab6d783e29b31aad36b5ba.jpg
175,Redeeming Love,Â£20.47,In stock,Five,In stock (15 available),Christian Fiction,https://books.toscrape.com/media/cache/21/21/2121ba78e26194d92c334fde3850f840.jpg
176,Poses for Artists Volume 1 - Dynamic and Sitting Poses: An Essential Reference for Figure Drawing and the Human Form,Â£41.06,In stock,One,In stock (15 available),Default,https://books.toscrape.com/media/cache/5a/89/5a89e2dd7866dda6660fe508bc4b5249.jpg
177,Poems That Make Grown Women Cry,Â£14.19,In stock,Four,In stock (15 available),Poetry,https://books.toscrape.com/media/cache/38/64/386468a8c3e6b880664bf7885bf6f726.jpg
178,"Nightingale, Sing",Â£38.28,In stock,One,In stock (15 available),Young Adult,https://books.toscrape.com/media/cache/18/08/18086e581ad354aa65f945c2b5c51350.jpg
179,Night Sky with Exit Wounds,Â£41.05,In stock,One,In stock (15 available),Poetry,https://books.toscrape.com/media/cache/25/54/2554431c797ec725eea50b3f8a83758c.jpg
180,Mrs. Houdini,Â£30.25,In stock,Five,In stock (15 available),Historical Fiction,https://books.toscrape.com/media/cache/0e/fe/0efe86960cdff718aed01a5c3f65b1c3.jpg
181,Modern Romance,Â£28.26,In stock,Five,In stock (15 available),Add a comment,https://books.toscrape.com/media/cache/28/78/2878538a1039d9c4649110499a1393fb.jpg
182,Miss Peregrineâs Home for Peculiar Children (Miss Peregrineâs Peculiar Children #1),Â£10.76,In stock,One,In stock (15 available),Default,https://books.toscrape.com/media/cache/01/26/01264865c12ed6d987d6f0858cd1d0ba.jpg
183,Louisa: The Extraordinary Life of Mrs. Adams,Â£16.85,In stock,Two,In stock (15 available),Biography,https://books.toscrape.com/media/cache/6f/d9/6fd92e5143cbd5bb8bcf034e5f007dde.jpg
184,Little Red,Â£13.47,In stock,Three,In stock (15 available),Childrens,https://books.toscrape.com/media/cache/80/25/8025b80a40178f2a6dd4f99ad88e0fba.jpg
185,Library of Souls (Miss Peregrineâs Peculiar Children #3),Â£48.56,In stock,Five,In stock (15 available),Young Adult,https://books.toscrape.com/media/cache/f8/54/f85417465a73e33604624205ba8306cc.jpg
186,Large Print Heart of the Pride,Â£19.15,In stock,Two,In stock (15 available),Default,https://books.toscrape.com/media/cache/bd/e9/bde95ab9f776c911a7aa759cad60bb41.jpg
187,I Had a Nice Time And Other Lies...: How to find love & sh*t like that,Â£57.36,In stock,Four,In stock (15 available),Womens Fiction,https://books.toscrape.com/media/cache/5f/72/5f72c8a0d5a7292e2929a354ec8a022f.jpg
188,Hollow City (Miss Peregrineâs Peculiar Children #2),Â£42.98,In stock,One,In stock (15 available),Fantasy,https://books.toscrape.com/media/cache/e2/60/e260b008b7ea7970562295b7bc64b0cb.jpg
189,Grumbles,Â£22.16,In stock,Two,In stock (15 available),Default,https://books.toscrape.com/media/cache/d6/1b/d61b12ef0e69d49e2645537dd6a8472a.jpg
190,Full Moon over Noahâs Ark: An Odyssey to Mount Ararat and Beyond,Â£49.43,In stock,Four,In stock (15 available),Travel,https://books.toscrape.com/media/cache/57/77/57770cac1628f4407636635f4b85e88c.jpg
191,Frostbite (Vampire Academy #2),Â£29.99,In stock,Five,In stock (15 available),Young Adult,https://books.toscrape.com/media/cache/71/76/7176317f1915fa0658bb2fe400441207.jpg
192,Follow You Home,Â£21.36,In stock,One,In stock (15 available),Horror,https://books.toscrape.com/media/cache/a7/4b/a74b35375ce874153fd352e33bc7bac9.jpg
193,First Steps for New Christians (Print Edition),Â£29.00,In stock,One,In stock (15 available),Default,https://books.toscrape.com/media/cache/f1/73/f1731459b1e2f4becf2c52b8f30b8cd7.jpg
194,Finders Keepers (Bill Hodges Trilogy #2),Â£53.53,In stock,Five,In stock (15 available),Fiction,https://books.toscrape.com/media/cache/6a/81/6a81103b1c01a3f6c56e5718a838a4c8.jpg
195,"Fables, Vol. 1: Legends in Exile (Fables #1)",Â£41.62,In stock,Four,In stock (15 available),Sequential Art,https://books.toscrape.com/media/cache/51/8c/518c184a793b751b43045637c8002eb7.jpg
196,Eureka Trivia 6.0,Â£54.59,In stock,Four,In stock (15 available),Default,https://books.toscrape.com/media/cache/96/17/96173470df6fc6fef4d0008e957653ce.jpg
197,Drive: The Surprising Truth About What Motivates Us,Â£34.95,In stock,Four,In stock (15 available),Default,https://books.toscrape.com/media/cache/8a/49/8a490347afdc10abe7c2099e466de32f.jpg
198,Done Rubbed Out (Reightman & Bailey #1),Â£37.72,In stock,Five,In stock (15 available),Default,https://books.toscrape.com/media/cache/08/4d/084da0199a717cb6c1eda30f98d0ea4c.jpg
199,Doing It Over (Most Likely To #1),Â£35.61,In stock,Three,In stock (15 available),Romance,https://books.toscrape.com/media/cache/e9/25/e9250495a525eb203652ad9da85ccb8e.jpg
200,"Deliciously Ella Every Day: Quick and Easy Recipes for Gluten-Free Snacks, Packed Lunches, and Simple Meals",Â£42.16,In stock,Three,In stock (15 available),Food and Drink,https://books.toscrape.com/media/cache/20/f2/20f28657b49f8cb24ed2ec6448bb6df3.jpg
